Цена;Артикул;Название;Описание;Крошки;Картинки;url
400.00,5990.00,500.00;;;;Array;Array;http://zvuchitkruto.ru/categories/beats-by-dre-executive
4490.00,3960.00,3963.00,3969.00,400.00,500.00;;;;Array;Array;http://zvuchitkruto.ru/categories/beats-by-dre-pro
2840.50,2990.00;;;;Array;Array;http://zvuchitkruto.ru/categories/beats-by-dre-solo
3990.00,3790.50;;;;Array;Array;http://zvuchitkruto.ru/categories/beats-by-dre-studio
1190.00,1690.00,2690.00;;;;Array;Array;http://zvuchitkruto.ru/categories/beats-by-dre-tour
1990.00,;;;;Array;Array;http://zvuchitkruto.ru/categories/beats-by-dre-urbeats
4990.00,400.00,500.00,;;;;Array;Array;http://zvuchitkruto.ru/categories/beats-by-dre-wireless
2790.00,3290.00;;;;Array;Array;http://zvuchitkruto.ru/categories/heartbeats-by-lady-gaga
;;;;Array;Array;http://zvuchitkruto.ru/categories/beats-powerbeats
3990.00,400.00,500.00;;;;Array;Array;http://zvuchitkruto.ru/categories/beats-by-dre-mixr
1590.00;;;;Array;Array;http://zvuchitkruto.ru/categories/beats-by-dre-ibeats
5890.00,;;;;Array;Array;http://zvuchitkruto.ru/categories/beats-pill
5590.00,2390.00,2690.00;;;;Array;Array;http://zvuchitkruto.ru/categories/ferrari-cavallino
2790.00,4590.00;;;;Array;Array;http://zvuchitkruto.ru/categories/ferrari-scuderia
3990.00,380.00,390.00;;;;Array;Array;http://zvuchitkruto.ru/categories/monster-diesel
8890.00,380.00,390.00;;;;Array;Array;http://zvuchitkruto.ru/categories/edge
6545.50,380.00,390.00,6890.00;;;;Array;Array;http://zvuchitkruto.ru/categories/monster-inspiration
4390.00,380.00,390.00;;;;Array;Array;http://zvuchitkruto.ru/categories/monster-dna
2999.00,380.00,390.00;;;;Array;Array;http://zvuchitkruto.ru/categories/monster-ncredible
795.00,890.00,1890.00,900.00,790.00;;;;Array;Array;http://zvuchitkruto.ru/categories/sennheiser-cx
390.00,430.00,470.00,460.00;;;;Array;Array;http://zvuchitkruto.ru/categories/sennheiser-mx
890.00,850.00,1990.00;;;;Array;Array;http://zvuchitkruto.ru/categories/sennheiser-mm
900.00,950.00;;;;Array;Array;http://zvuchitkruto.ru/categories/sennheiser-style-cx
2900.00;;;;Array;Array;http://zvuchitkruto.ru/categories/sennheiser-ie
1790.00;;;;Array;Array;http://zvuchitkruto.ru/categories/sennheiser-hd
3990.00,3390.00;;;;Array;Array;http://zvuchitkruto.ru/categories/sms-audio-wired
5990.00;;;;Array;Array;http://zvuchitkruto.ru/categories/sms-audio-wireless
1990.00;;;;Array;Array;http://zvuchitkruto.ru/categories/sms-audio-earbuds
;;;;Array;Array;http://zvuchitkruto.ru/categories/sms-audio-dj-pro
3990.00,3990.00,2690.00,2690.00,6490.00,6490.00,3790.50,3790.50,2840.50,2840.50;;;;Array;Array;http://zvuchitkruto.ru/
400.00;;"                      Аудио кабель MONSTER Beats (Controltalk)";;Array;Array;http://zvuchitkruto.ru/products/monster-beats-by-dre-controltalk-audio-cable
5990.00;;"                      Beats by dr.Dre Executive";;Array;Array;http://zvuchitkruto.ru/products/beats-by-dre-executive-controltalk
500.00;;"                      Аудио кабель MONSTER Beats PRO";;Array;Array;http://zvuchitkruto.ru/products/monster-beats-by-dre-pro-audio-cable
4490.00;;"                      Наушники MONSTER Beats PRO Detox (черные)";;Array;Array;http://zvuchitkruto.ru/products/monster-beats-pro-detox
3960.00,3963.00,3969.00;;"                      Наушники Beats by dr.Dre PRO Red (красные)";;Array;Array;http://zvuchitkruto.ru/products/beats-by-dre-pro-red
3963.00,3969.00,3960.00;;"                      Наушники Beats by dr.Dre PRO Black (черные)";;Array;Array;http://zvuchitkruto.ru/products/beats-by-dre-pro-black
3963.00,3969.00,3960.00;;"                      Наушники Beats by dr.Dre PRO White (белые)";;Array;Array;http://zvuchitkruto.ru/products/beats-by-dre-pro-white
3969.00,3963.00,3960.00;;"                      Наушники Beats by dr.Dre PRO Red-black (красно-черные)";;Array;Array;http://zvuchitkruto.ru/products/beats-by-dre-pro-red-black
3969.00;;"                      Наушники Beats by dr.Dre PRO DETOX (черные)";;Array;Array;http://zvuchitkruto.ru/products/beats-by-dre-pro-detox-black
2840.50,2990.00;;"                      Наушники MONSTER Beats Solo HD Pink (розовые) ";;Array;Array;http://zvuchitkruto.ru/products/monster-beats-solo-pink
2990.00;;"                      Наушники Beats by dr.Dre Solo HD White (белые)";;Array;Array;http://zvuchitkruto.ru/products/beats-by-dre-solo-white
2990.00;;"                      Наушники Beats by dr.Dre Solo HD Black (черные)";;Array;Array;http://zvuchitkruto.ru/products/beats-by-dre-solo-black
2990.00;;"                      Наушники Beats by dr.Dre Solo HD Light blue (голубые)";;Array;Array;http://zvuchitkruto.ru/products/beats-by-dre-solo-light-blue
2990.00;;"                      Наушники Beats by dr.Dre Solo HD Dark blue (темно-синие)";;Array;Array;http://zvuchitkruto.ru/products/beats-by-dre-solo-hd-dark-blue
2990.00;;"                      Наушники Beats by dr.Dre Solo HD Purpure (фиолетовые)";;Array;Array;http://zvuchitkruto.ru/products/beats-by-dre-solo-purpure
2990.00;;"                      Наушники Beats by dr.Dre Solo HD Pink (розовые)";;Array;Array;http://zvuchitkruto.ru/products/beats-by-dre-solo-pink
2990.00;;"                      Наушники Beats by dr.Dre Solo HD Green (зеленые)";;Array;Array;http://zvuchitkruto.ru/products/beats-by-dre-solo-green
2990.00,2840.50;;"                      Наушники MONSTER Beats Solo HD White (белые) Control Talk";;Array;Array;http://zvuchitkruto.ru/products/monster-beats-solo-hd-white-belye-control-talk
2990.00,2840.50;;"                      MONSTER Beats Solo Justbeats (фиолетовые)";;Array;Array;http://zvuchitkruto.ru/products/monster-beats-solo-justbeats
2990.00,2840.50;;"                      MONSTER Beats Solo HD Red (красные) Control Talk";;Array;Array;http://zvuchitkruto.ru/products/monster-beats-solo-hd-red-krasnye-control-talk
2990.00,2840.50;;"                      MONSTER Beats Solo HD Dark Blue (синие) Control Talk";;Array;Array;http://zvuchitkruto.ru/products/monster-beats-solo-hd-dark-blue-sinie-control-talk
2990.00,2840.50;;"                      MONSTER Beats Solo HD Sky Blue (голубой) Control Talk";;Array;Array;http://zvuchitkruto.ru/products/monster-beats-solo-sky-blue
3990.00;;"                      Наушники MONSTER Beats Studio Pink (розовые)";;Array;Array;http://zvuchitkruto.ru/products/monster-beats-studio-pink
3990.00;;"                      Наушники MONSTER Beats Studio Orange (оранжевые)";;Array;Array;http://zvuchitkruto.ru/products/monster-beats-studio-orange
